<?xml version="1.0" encoding="utf-8"?>
<window>
<!--    <onload condition="IsEmpty(Window(home).Property(WindowColor))">SetProperty(WindowColor,FFFFFFFF,home)</onload>
    <onload condition="IsEmpty(Window(home).Property(WindowColor))">SetProperty(WindowColor,$VAR[AreaColorVar],home)</onload>
    <onunload>ClearProperty(wraith_running,home)</onunload>
    <onunload>ClearProperty(WindowColor,home)</onunload>-->
    <defaultcontrol always="true">500</defaultcontrol>
    <controls>
        <control type="image">
            <texture>common/white.png</texture>
            <width>1920</width>
            <height>1080</height>
            <fadetime>400</fadetime>
            <animation effect="fade" end="100" time="560">WindowOpen</animation>
            <animation effect="fade" start="100" end="0" time="200">WindowClose</animation>
        </control>
        <control type="image">
            <texture background="true">$INFO[Container(500).ListItem.Property(Fanart_small)]</texture>
            <width>1920</width>
            <height>1080</height>
            <fadetime>400</fadetime>
            <animation effect="fade" end="100" time="560">WindowOpen</animation>
            <animation effect="fade" start="100" end="0" time="200">WindowClose</animation>
        </control>
        <control type="image">
            <texture colordiffuse="$INFO[Skin.String(WindowColorMain)]">customoverlay.png</texture>
            <animation effect="fade" start="100" end="80" time="0" condition="true">Conditional</animation>
            <width>1920</width>
            <height>1080</height>
            <animation effect="fade" end="100" time="360">WindowOpen</animation>
            <animation effect="fade" start="100" end="0" time="250">WindowClose</animation>
        </control>
        <control type="group">
            <posy>0</posy>
            <animation type="WindowOpen" reversible="false">
                <effect type="zoom" start="80" end="100" center="960,540" delay="500" tween="back" time="240" />
                <effect type="fade" delay="500" end="100" time="240" />
            </animation>
            <animation type="WindowClose" reversible="false">
                <effect type="zoom" start="100" end="80" center="960,540" easing="in" tween="back" time="240" />
                <effect type="fade" start="100" end="0" time="240" />
            </animation>
            <control type="group">
                <visible>IntegerGreaterThan(Container(500).NumItems,0)</visible>
                <animation effect="fade" time="320" delay="300">Visible</animation>
                <control type="image">
                    <posx>465</posx>
                    <posy>107</posy>
                    <width>330</width>
                    <height>432</height>
                    <visible>Control.HasFocus(500) + IsEmpty(Window.Property(alt_layout))</visible>
                    <animation type="WindowOpen" reversible="false">
                        <effect type="fade" start="0" end="100" delay="700" time="300" />
                    </animation>
                    <animation effect="fade" time="320" delay="200">Visible</animation>
                    <animation effect="fade" time="200">Hidden</animation>
                    <texture colordiffuse="$INFO[Skin.String(WindowColorThemed)]" border="40">buttons/roundedbutton-focus.png</texture>
                    <animation effect="slide" end="0,420" time="300" tween="cubic" easing="inout" condition="Container(500).Row(1)">Conditional</animation>
                    <animation effect="slide" end="350,0" time="300" tween="cubic" easing="inout" condition="Container(500).Column(4)">Conditional</animation>
                    <animation effect="slide" end="350,0" time="300" tween="cubic" easing="inout" condition="Container(500).Column(4) | Container(500).Column(3)">Conditional</animation>
                    <animation effect="slide" end="350,0" time="300" tween="cubic" easing="inout" condition="Container(500).Column(4) | Container(500).Column(3) | Container(500).Column(2)">Conditional</animation>
                    <animation effect="slide" end="350,0" time="300" tween="cubic" easing="inout" condition="Container(500).Column(4) | Container(500).Column(3) | Container(500).Column(2) | Container(500).Column(1)">Conditional</animation>
                </control>
                <control type="image">
                    <posx>465</posx>
                    <posy>50</posy>
                    <width>800</width>
                    <height>140</height>
                    <visible>Control.HasFocus(500) + !IsEmpty(Window.Property(alt_layout))</visible>
                    <animation type="WindowOpen" reversible="false">
                        <effect type="fade" start="0" end="100" delay="700" time="300" />
                    </animation>
                    <animation effect="fade" time="320" delay="200">Visible</animation>
                    <animation effect="fade" time="200">Hidden</animation>
                    <texture colordiffuse="$INFO[Skin.String(WindowColorThemed)]" border="40">buttons/roundedbutton-focus.png</texture>
                    <animation effect="slide" end="0,161" time="300" tween="cubic" easing="inout" condition="Container(500).Row(6)">Conditional</animation>
                    <animation effect="slide" end="0,161" time="300" tween="cubic" easing="inout" condition="Container(500).Row(6) | Container(500).Row(5)">Conditional</animation>
                    <animation effect="slide" end="0,161" time="300" tween="cubic" easing="inout" condition="Container(500).Row(6) | Container(500).Row(5) | Container(500).Row(4)">Conditional</animation>
                    <animation effect="slide" end="0,161" time="300" tween="cubic" easing="inout" condition="Container(500).Row(6) | Container(500).Row(5) | Container(500).Row(4) | Container(500).Row(3)">Conditional</animation>
                    <animation effect="slide" end="0,161" time="300" tween="cubic" easing="inout" condition="Container(500).Row(6) | Container(500).Row(5) | Container(500).Row(4) | Container(500).Row(3) | Container(500).Row(2)">Conditional</animation>
                    <animation effect="slide" end="0,161" time="300" tween="cubic" easing="inout" condition="Container(500).Row(6) | Container(500).Row(5) | Container(500).Row(4) | Container(500).Row(3) | Container(500).Row(2) | Container(500).Row(1)">Conditional</animation>
                </control>
            </control>
            <control type="image">
                <texture>moviedb.png</texture>
                <posx>60</posx>
                <posy>170</posy>
                <width>400</width>
                <height>200</height>
                <aspectratio align="left">keep</aspectratio>
                <animation type="WindowOpen" reversible="false">
                    <effect type="slide" start="0,-1000" end="0,0" delay="0" tween="sine" time="1000" />
                    <effect type="fade" start="0" end="100" delay="0" tween="sine" time="2000" />
                    <effect type="rotatex" start="0" end="75" delay="3000" center="300,0" tween="sine" time="750" />
                    <effect type="fade" start="100" end="0" delay="3750" time="0" />
                </animation>
            </control>
            <control type="image">
                <texture>$INFO[Container(500).ListItem.Property(Fanart_small)]</texture>
                <posx>40</posx>
                <posy>180</posy>
                <width>396</width>
                <fadetime>200</fadetime>
                            <bordertexture border="3">common/black.png</bordertexture>
                            <bordersize>3</bordersize>
                <height>222</height>
                <aspectratio>scale</aspectratio>
                <animation type="WindowOpen" reversible="false">
                    <effect type="rotatex" start="75" end="0" delay="3750" center="300,0" tween="sine" time="750" />
                    <effect type="fade" start="0" end="100" delay="3750" time="0" />
                </animation>
            </control>
            <control type="group">
                <posy>140</posy>
                <animation type="WindowOpen" reversible="false">
                    <effect type="slide" start="0,1000" end="0,0" delay="0" tween="sine" time="1000" />
                    <effect type="fade" start="0" end="100" delay="0" tween="sine" time="1500" />
                </animation>
                <control type="textbox">
                    <posy>270</posy>
                    <posx>40</posx>
                    <width>395</width>
                    <height>300</height>
                    <label>[B]$INFO[Container(500).ListItem.Year][CR][CR][CR]$INFO[Container(500).ListItem.Genre][/B]</label>
                    <font>font12</font>
                    <textcolor>FF999999</textcolor>
                </control>
                <control type="image">
                    <posx>40</posx>
                    <posy>320</posy>
                    <width>135</width>
                    <height>26</height>
                    <animation effect="fade" start="100" end="60" time="0" condition="IsEmpty(Container(500).ListItem.Rating)">Conditional</animation>
                    <texture fallback="flags/stars/0.0.png">$INFO[Container(500).ListItem.Rating,flags/stars/,.png]</texture>
                </control>
                <control type="textbox">
                    <posy>450</posy>
                    <posx>40</posx>
                    <width>395</width>
                    <height>500</height>
                    <align>justify</align>
                    <label fallback="416">$INFO[Container(500).ListItem.Plot,,[CR][CR]  ]</label>
                    <autoscroll delay="10000" time="1600" repeat="10000">true</autoscroll>
                    <font>font12</font>
                    <textcolor>FF999999</textcolor>
                </control>
                <control type="image">
                    <posx>1320</posx>
                    <posy>40</posy>
                    <width>580</width>
                    <height>870</height>
                    <fadetime>200</fadetime>
                            <bordertexture border="3">common/black.png</bordertexture>
                            <bordersize>3</bordersize>
                    <texture>$INFO[Container(500).ListItem.Thumb]</texture>
                    <visible>!IsEmpty(Window.Property(alt_layout))</visible>
                </control>
            </control>
            <control type="panel" id="500">
                <posx>440</posx>
                <posy>0</posy>
                <animation type="WindowOpen" reversible="false">
                    <effect type="slide" start="1000" end="0" delay="0" center="auto" tween="cubic" time="900" />
                    <effect type="zoom" start="50" end="100" center="960,1080" delay="0" tween="cubic" time="900" />
                </animation>
                <width>1536</width>
                <height>1080</height>
                <viewtype label="31234">icon</viewtype>
                <pagecontrol>72</pagecontrol>
                <preloaditems>2</preloaditems>
                <scrolltime tween="quadratic">300</scrolltime>
                <onleft>9000</onleft>
                <onright>72</onright>
                <onup>700</onup>
                <ondown>600</ondown>
                <orientation>vertical</orientation>
                <itemlayout width="350" height="425" condition="IsEmpty(Window.Property(alt_layout))">
                    <control type="group">
                        <posy>150</posy>
                        <posx>80</posx>
                        <control type="image">
                            <posx>11</posx>
                            <posy>30</posy>
                            <width>193</width>
                            <height>290</height>
                            <aspectratio scalediffuse="false">scale</aspectratio>
                            <texture diffuse="thumbs/movieposter_mask.png" background="true" fallback="DefaultVideo.png">$INFO[ListItem.Thumb]</texture>
                            <fadetime>200</fadetime>
                        </control>
                        <control type="image">
                            <posx>-8.5</posx>
                            <posy>10.5</posy>
                            <width>232</width>
                            <height>328</height>
                            <aspectratio scalediffuse="false">stretch</aspectratio>
                            <texture diffuse="thumbs/movieposter_mask.png">thumbs/thumb_glass_noreflect.png</texture>
                            <bordertexture border="19.5">thumbs/poster_shadow.png</bordertexture>
                            <bordersize>19.5</bordersize>
                        </control>
                        <control type="image">
                            <width>55</width>
                            <height>55</height>
                            <posy>30</posy>
                            <posx>11</posx>
                            <texture flipx="true" colordiffuse="$INFO[Skin.String(WindowColorThemed)]">flags/marked.png</texture>
                            <visible>!IsEmpty(ListItem.Property(DBID))</visible>
                        </control>
                        <control type="image">
                            <width>55</width>
                            <height>55</height>
                            <posy>30</posy>
                            <posx>11</posx>
                            <texture flipx="true">flags/local.png</texture>
                            <visible>!IsEmpty(ListItem.Property(DBID))</visible>
                        </control>
                        <control type="textbox">
                            <posx>0</posx>
                            <width>228</width>
                            <height>67</height>
                            <posy>320</posy>
                            <textcolor>A0FFFFFF</textcolor>
                            <align>center</align>
                            <font>font12</font>
                            <label>$INFO[ListItem.Label]</label>
                        </control>
                        <control type="image">
                            <width>48</width>
                            <height>48</height>
                            <posy>2</posy>
                            <posx>-10</posx>
                            <texture>circle.png</texture>
                            <visible>!IsEmpty(ListItem.Property(User_Rating))</visible>
                        </control>
                        <control type="label">
                            <width>46</width>
                            <height>40</height>
                            <posy>6</posy>
                            <align>center</align>
                            <aligny>center</aligny>
                            <posx>-9</posx>
                            <font>font10</font>
                            <textcolor>FF000000</textcolor>
                            <label>$INFO[ListItem.Property(User_Rating)]</label>
                            <visible>!IsEmpty(ListItem.Property(User_Rating))</visible>
                        </control>
                    </control>
                </itemlayout>
                <focusedlayout width="350" height="425" condition="IsEmpty(Window.Property(alt_layout))">
                    <control type="group">
                        <posy>150</posy>
                        <posx>80</posx>
                        <animation effect="zoom" center="176,340" start="100" end="127" time="280" tween="back" reversible="false">Focus</animation>
                        <animation effect="zoom" center="176,340" start="127" end="100" time="200" tween="cubic" reversible="false">UnFocus</animation>
                        <control type="image">
                            <posx>11</posx>
                            <posy>30</posy>
                            <width>193</width>
                            <height>290</height>
                            <aspectratio scalediffuse="false">scale</aspectratio>
                            <texture diffuse="thumbs/movieposter_mask.png" background="true" fallback="DefaultVideo.png">$INFO[ListItem.Thumb]</texture>
                            <fadetime>0</fadetime>
                        </control>
                        <control type="image">
                            <posx>-8.5</posx>
                            <posy>10.5</posy>
                            <width>232</width>
                            <height>328</height>
                            <aspectratio scalediffuse="false">stretch</aspectratio>
                            <texture diffuse="thumbs/movieposter_mask.png">thumbs/thumb_glass_noreflect.png</texture>
                            <bordertexture border="19.5">thumbs/poster_shadow.png</bordertexture>
                            <bordersize>19.5</bordersize>
                            <fadetime>0</fadetime>
                        </control>
                        <control type="image">
                            <width>55</width>
                            <height>55</height>
                            <posy>30</posy>
                            <posx>11</posx>
                            <texture flipx="true" colordiffuse="$INFO[Skin.String(WindowColorThemed)]">flags/marked.png</texture>
                            <visible>!IsEmpty(ListItem.Property(DBID))</visible>
                        </control>
                        <control type="image">
                            <width>55</width>
                            <height>55</height>
                            <posy>30</posy>
                            <posx>11</posx>
                            <texture flipx="true">flags/local.png</texture>
                            <visible>!IsEmpty(ListItem.Property(DBID))</visible>
                        </control>
                        <control type="image">
                            <width>48</width>
                            <height>48</height>
                            <posy>2</posy>
                            <posx>-10</posx>
                            <texture>circle.png</texture>
                            <visible>!IsEmpty(ListItem.Property(User_Rating))</visible>
                        </control>
                        <control type="label">
                            <width>46</width>
                            <height>40</height>
                            <posy>6</posy>
                            <align>center</align>
                            <aligny>center</aligny>
                            <posx>-9</posx>
                            <font>font10</font>
                            <textcolor>FF000000</textcolor>
                            <label>$INFO[ListItem.Property(User_Rating)]</label>
                            <visible>!IsEmpty(ListItem.Property(User_Rating))</visible>
                        </control>
                    </control>
                    <control type="textbox">
                        <posx>80</posx>
                        <width>228</width>
                        <height>67</height>
                        <posy>470</posy>
                        <textcolor>FFFAFAFA</textcolor>
                        <align>center</align>
                        <font>font12</font>
                        <label>$INFO[ListItem.Label]</label>
                        <animation type="Focus" reversible="false">
                            <effect type="slide" start="0,0" end="0,50" time="280" tween="back" reversible="false"/>
                            <effect type="fade" start="62" end="100" time="280" />
                        </animation>
                        <animation type="UnFocus" reversible="false">
                            <effect type="slide"  start="0,50" end="0" time="200" tween="cubic" reversible="false"/>
                            <effect type="fade" start="100" end="62" time="280" />
                        </animation>
                    </control>
                </focusedlayout>
                <itemlayout width="1536" height="161" condition="!IsEmpty(Window.Property(alt_layout))">
                    <control type="label">
                        <posx>80</posx>
                        <width>700</width>
                        <height>67</height>
                        <posy>75</posy>
                        <textcolor>FFFAFAFA</textcolor>
                        <align>left</align>
                        <aligny>top</aligny>
                        <font>font13</font>
                        <label>$INFO[ListItem.Label]</label>
                    </control>
                    <control type="label">
                        <posx>80</posx>
                        <width>700</width>
                        <height>67</height>
                        <posy>115</posy>
                        <textcolor>FFAAAAAA</textcolor>
                        <align>left</align>
                        <aligny>top</aligny>
                        <font>font12</font>
                        <label>$INFO[ListItem.Year]$INFO[ListItem.Genre, - ]</label>
                    </control>
                    <control type="image">
                        <width>30</width>
                        <height>30</height>
                        <posy>120</posy>
                        <posx>758</posx>
                        <texture>icons/database.png</texture>
                        <visible>!IsEmpty(ListItem.Property(DBID))</visible>
                    </control>
                    <control type="label">
                        <width>46</width>
                        <height>40</height>
                        <posy>76</posy>
                        <align>center</align>
                        <aligny>center</aligny>
                        <posx>750</posx>
                        <font>font10</font>
                        <textcolor>FFFAFAFA</textcolor>
                        <label>$INFO[ListItem.Property(User_Rating),[B],[/B]]</label>
                        <visible>!IsEmpty(ListItem.Property(User_Rating))</visible>
                    </control>
                </itemlayout>
                <focusedlayout width="1536" height="161" condition="!IsEmpty(Window.Property(alt_layout))">
                    <control type="label">
                        <posx>80</posx>
                        <width>700</width>
                        <height>67</height>
                        <posy>75</posy>
                        <textcolor>FFFAFAFA</textcolor>
                        <align>left</align>
                        <aligny>top</aligny>
                        <font>font13</font>
                        <label>$INFO[ListItem.Label]</label>
                    </control>
                    <control type="label">
                        <posx>80</posx>
                        <width>700</width>
                        <height>67</height>
                        <posy>115</posy>
                        <textcolor>FFFAFAFA</textcolor>
                        <animation type="Focus" reversible="false">
                            <effect type="fade" start="62" end="100" time="280" />
                        </animation>
                        <animation type="UnFocus" reversible="false">
                            <effect type="fade" start="100" end="62" time="280" />
                        </animation>
                        <align>left</align>
                        <aligny>top</aligny>
                        <font>font12</font>
                        <label>$INFO[ListItem.Year]$INFO[ListItem.Genre, - ]</label>
                    </control>
                    <control type="image">
                        <width>30</width>
                        <height>30</height>
                        <posy>120</posy>
                        <posx>758</posx>
                        <texture>icons/database.png</texture>
                        <visible>!IsEmpty(ListItem.Property(DBID))</visible>
                    </control>
                    <control type="label">
                        <width>46</width>
                        <height>40</height>
                        <posy>76</posy>
                        <align>center</align>
                        <aligny>center</aligny>
                        <posx>750</posx>
                        <font>font10</font>
                        <textcolor>FFFAFAFA</textcolor>
                        <label>$INFO[ListItem.Property(User_Rating),[B],[/B]]</label>
                        <visible>!IsEmpty(ListItem.Property(User_Rating))</visible>
                    </control>
                </focusedlayout>
            </control>
            <control type="button" id="600">
                <onfocus>SetFocus(500)</onfocus>
                <width>1</width>
                <height>1</height>
                <posx>-1000</posx>
            </control>
            <control type="button" id="700">
                <onfocus>SetFocus(500)</onfocus>
                <width>1</width>
                <height>1</height>
                <posx>-1000</posx>
            </control>
        </control>
        <control type="group">
            <posy>0</posy>
            <animation type="WindowOpen" reversible="false">
                <effect type="zoom" start="80" end="100" center="960,540" delay="500" tween="back" time="240" />
                <effect type="fade" delay="500" end="100" time="240" />
            </animation>
            <animation type="WindowClose" reversible="false">
                <effect type="zoom" start="100" end="80" center="960,540" easing="in" tween="back" time="240" />
                <effect type="fade" start="100" end="0" time="240" />
            </animation>
            <!--
                 <control type="image">
                 <width>1920</width>
                 <height>40</height>
                 <texture>common/black.png</texture>
                 <posx>0</posx>
                 <posy>0</posy>
                 </control> -->
            <control type="image">
                <texture flipy="true">fade.png</texture>
                <posx>0</posx>
                <posy>0</posy>
                <!--
                     <animation effect="fade" start="100" end="80" time="0" condition="true">Conditional</animation> -->
                <width>1920</width>
                <height>100</height>
                <animation effect="fade" end="100" time="360">WindowOpen</animation>
                <animation effect="fade" start="100" end="0" time="250">WindowClose</animation>
            </control>
            <control type="image">
                <texture>fade.png</texture>
                <posx>0</posx>
                <!--
                     <animation effect="fade" start="100" end="80" time="0" condition="true">Conditional</animation> -->
                <posy>980</posy>
                <width>1920</width>
                <height>100</height>
                <animation effect="fade" end="100" time="360">WindowOpen</animation>
                <animation effect="fade" start="100" end="0" time="250">WindowClose</animation>
            </control>
            <control type="group">
                <animation effect="slide" start="0" end="-290" time="250" condition="!IsEmpty(Window.Property(alt_layout))">Conditional</animation>
                <control type="image">
                    <texture>arrowdown.png</texture>
                    <posx>1090</posx>
                    <animation effect="fade" time="250">VisibleChange</animation>
                    <posy>1040</posy>
                    <width>120</width>
                    <height>30</height>
                    <animation effect="fade" end="100" time="360">WindowOpen</animation>
                    <animation effect="fade" start="100" end="0" time="250">WindowClose</animation>
                    <visible>!IsEmpty(Window.Property(ArrowDown)) | Container(500).HasNext</visible>
                </control>
                <control type="image">
                    <texture flipy="true">arrowdown.png</texture>
                    <posx>1090</posx>
                    <animation effect="fade" time="250">VisibleChange</animation>
                    <posy>10</posy>
                    <width>120</width>
                    <height>30</height>
                    <animation effect="fade" end="100" time="360">WindowOpen</animation>
                    <animation effect="fade" start="100" end="0" time="250">WindowClose</animation>
                    <visible>!IsEmpty(Window.Property(ArrowUp)) | Container(500).HasPrevious</visible>
                </control>
            </control>
            <control type="group">
                <animation type="WindowOpen" reversible="false">
                    <effect type="slide" start="-200" end="0" delay="1000" tween="sine" time="500" />
                    <effect type="slide" start="0" end="-200" delay="3000" tween="sine" time="500" />
                </animation>
                <animation effect="fade" start="100" end="0" time="0">WindowClose</animation>
                <control type="image">
                    <texture flipx="true">arrowright.png</texture>
                    <posx>20</posx>
                    <posy>1050</posy>
                    <width>25</width>
                    <height>25</height>
                </control>
                <control type="label">
                    <posx>60</posx>
                    <posy>1045</posy>
                    <height>30</height>
                    <aligny>center</aligny>
                    <width>1920</width>
                    <align>left</align>
                    <font>font10</font>
                    <label>$ADDON[script.extendedinfo 32023]</label>
                </control>
            </control>
            <control type="group">
                <animation type="WindowOpen" reversible="false">
                    <effect type="slide" start="0,-200" end="0,0" delay="1000" tween="sine" time="500" />
                </animation>
                <control type="label">
                    <posx>1900</posx>
                    <posy>0</posy>
                    <height>40</height>
                    <aligny>center</aligny>
                    <width>1920</width>
                    <align>right</align>
                    <textcolor>FFFAFAFA</textcolor>
                    <label>$INFO[Window.Property(TotalItems),[COLOR FF999999]$ADDON[script.extendedinfo 32124]:[/COLOR] ]$INFO[Window.Property(CurrentPage),[COLOR FF999999] - $ADDON[script.extendedinfo 32125]: [/COLOR]]$INFO[Window.Property(TotalPages), / ]</label>
                </control>
                <control type="label">
                    <posx>470</posx>
                    <posy>0</posy>
                    <height>40</height>
                    <aligny>center</aligny>
                    <width>1200</width>
                    <align>left</align>
                    <textcolor>FFFAFAFA</textcolor>
                    <label>$INFO[Window.Property(Filter_Label)]</label>
                    <animation type="Conditional" condition="!ControlGroup(9000).HasFocus + !Control.HasFocus(6000) + !Control.HasFocus(7000)">
                        <effect type="slide" end="-460" time="320" easing="in" tween="cubic" />
                    </animation>
                </control>
            </control>
        </control>
        <control type="group">
            <animation type="Conditional" condition="!ControlGroup(9000).HasFocus + !Control.HasFocus(6000) + !Control.HasFocus(7000)">
                <effect type="slide" end="-460" time="320" easing="in" tween="cubic" />
            </animation>
            <posx>20</posx>
            <control type="image">
                <posx>-112</posx>
                <width>552</width>
                <height>1080</height>
                <texture colordiffuse="$INFO[Skin.String(WindowColorThemed)]">dialogs/context_middle.png</texture>
            </control>
            <control type="button" id="6000">
                <label>$LOCALIZE[19140]</label>
                <posx>0</posx>
                <posy>40</posy>
                <width>400</width>
                <height>110</height>
                <textoffsetx>40</textoffsetx>
                <textoffsety>35</textoffsety>
                <textwidth>315</textwidth>
                <align>left</align>
                <aligny>top</aligny>
                <texturefocus border="40" colordiffuse="$INFO[Skin.String(WindowColorThemed)]">buttons/roundedbutton-focus.png</texturefocus>
                <texturenofocus border="40" colordiffuse="$INFO[Skin.String(WindowColorThemed)]">buttons/roundedbutton-nofocus.png</texturenofocus>
                <font>font13</font>
                <textcolor>FF999999</textcolor>
                <onup>5005</onup>
                <ondown>SetFocus(7000)</ondown>
                <onright>500</onright>
                <onleft>500</onleft>
                <focusedcolor>FFFAFAFA</focusedcolor>
            </control>
            <control type="image">
                <posx>305</posx>
                <posy>70</posy>
                <width>45</width>
                <height>45</height>
                <align>center</align>
                <aligny>center</aligny>
                <aspectratio>keep</aspectratio>
                <texture colordiffuse="AAFFFFFF">icons/magnifier.png</texture>
            </control>
            <control type="button" id="7000">
                <posx>0</posx>
                <posy>135</posy>
                <width>400</width>
                <height>110</height>
                <align>left</align>
                <aligny>center</aligny>
                <ondown>5007</ondown>
                <onup>6000</onup>
                <onright>500</onright>
                <onleft>500</onleft>
                <textoffsetx>40</textoffsetx>
                <textoffsety>25</textoffsety>
                <font>font13</font>
                <textwidth>315</textwidth>
                <label>$ADDON[script.extendedinfo 32024]</label>
                <textcolor>FF999999</textcolor>
                <focusedcolor>FFFAFAFA</focusedcolor>
                <texturefocus border="40" colordiffuse="$INFO[Skin.String(WindowColorThemed)]">buttons/roundedbutton-focus.png</texturefocus>
                <texturenofocus border="40" colordiffuse="$INFO[Skin.String(WindowColorThemed)]">buttons/roundedbutton-nofocus.png</texturenofocus>
            </control>
            <control type="grouplist" id="9000">
                <posy>250</posy>
                <width>400</width>
                <height>830</height>
                <orientation>vertical</orientation>
                <scroll>true</scroll>
                <itemgap>-23</itemgap>
                <onup>7000</onup>
                <ondown>6000</ondown>
                <onright>500</onright>
                <onleft>500</onleft>
                <onback>500</onback>
                <control type="button" id="5007">
                    <label>$LOCALIZE[467]:</label>
                    <!-- 564 -->
                    <label2>[COLOR FFFAFAFA]$INFO[Window.Property(Type)][/COLOR]</label2>
                    <width>400</width>
                    <height>90</height>
                    <textoffsetx>40</textoffsetx>
                    <textoffsety>25</textoffsety>
                    <textwidth>315</textwidth>
                    <align>left</align>
                    <aligny>top</aligny>
                    <texturefocus border="40" colordiffuse="$INFO[Skin.String(WindowColorThemed)]">buttons/roundedbutton-focus.png</texturefocus>
                    <texturenofocus border="40" colordiffuse="$INFO[Skin.String(WindowColorThemed)]">buttons/roundedbutton-nofocus.png</texturenofocus>
                    <font>font13</font>
                    <textcolor>FF999999</textcolor>
                    <focusedcolor>FFFAFAFA</focusedcolor>
                </control>
                <control type="button" id="5001">
                    <onup>6000</onup>
                    <label>$ADDON[script.extendedinfo 32104]</label>
                    <label2>[COLOR FFFAFAFA]$INFO[Window.Property(Sort_Label)][/COLOR]</label2>
                    <width>400</width>
                    <height>100</height>
                    <textoffsetx>40</textoffsetx>
                    <textoffsety>30</textoffsety>
                    <textwidth>315</textwidth>
                    <align>left</align>
                    <aligny>top</aligny>
                    <texturefocus border="40" colordiffuse="$INFO[Skin.String(WindowColorThemed)]">buttons/roundedbutton-focus.png</texturefocus>
                    <texturenofocus border="40" colordiffuse="$INFO[Skin.String(WindowColorThemed)]">buttons/roundedbutton-nofocus.png</texturenofocus>
                    <font>font13</font>
                    <textcolor>FF999999</textcolor>
                    <focusedcolor>FFFAFAFA</focusedcolor>
                </control>
                <control type="button" id="5004">
                    <label>$ADDON[script.extendedinfo 32128]</label>
                    <label2>[COLOR FFFAFAFA]$INFO[Window.Property(Order_Label)][/COLOR]</label2>
                    <width>400</width>
                    <height>100</height>
                    <textoffsetx>40</textoffsetx>
                    <textoffsety>30</textoffsety>
                    <textwidth>315</textwidth>
                    <align>left</align>
                    <aligny>top</aligny>
                    <texturefocus border="40" colordiffuse="$INFO[Skin.String(WindowColorThemed)]">buttons/roundedbutton-focus.png</texturefocus>
                    <texturenofocus border="40" colordiffuse="$INFO[Skin.String(WindowColorThemed)]">buttons/roundedbutton-nofocus.png</texturenofocus>
                    <font>font13</font>
                    <textcolor>FF999999</textcolor>
                    <focusedcolor>FFFAFAFA</focusedcolor>
                </control>
                <control type="label" id="5333">
                    <label>$ADDON[script.extendedinfo 32023]</label>
                    <width>400</width>
                    <height>75</height>
                    <textoffsetx>25</textoffsetx>
                    <textoffsety>25</textoffsety>
                    <align>left</align>
                    <aligny>top</aligny>
                    <font>font13</font>
                    <textcolor>FF999999</textcolor>
                </control>
                <control type="button" id="5002">
                    <label>$LOCALIZE[515]</label>
                    <width>400</width>
                    <height>90</height>
                    <textoffsetx>40</textoffsetx>
                    <textoffsety>25</textoffsety>
                    <textwidth>315</textwidth>
                    <align>left</align>
                    <aligny>top</aligny>
                    <texturefocus border="40" colordiffuse="$INFO[Skin.String(WindowColorThemed)]">buttons/roundedbutton-focus.png</texturefocus>
                    <texturenofocus border="40" colordiffuse="$INFO[Skin.String(WindowColorThemed)]">buttons/roundedbutton-nofocus.png</texturenofocus>
                    <font>font13</font>
                    <textcolor>FF999999</textcolor>
                    <focusedcolor>FFFAFAFA</focusedcolor>
                </control>
                <control type="button" id="5003">
                    <label>$LOCALIZE[172]</label>
                    <width>400</width>
                    <height>90</height>
                    <textoffsetx>40</textoffsetx>
                    <textoffsety>25</textoffsety>
                    <textwidth>315</textwidth>
                    <align>left</align>
                    <aligny>top</aligny>
                    <texturefocus border="40" colordiffuse="$INFO[Skin.String(WindowColorThemed)]">buttons/roundedbutton-focus.png</texturefocus>
                    <texturenofocus border="40" colordiffuse="$INFO[Skin.String(WindowColorThemed)]">buttons/roundedbutton-nofocus.png</texturenofocus>
                    <font>font13</font>
                    <textcolor>FF999999</textcolor>
                    <focusedcolor>FFFAFAFA</focusedcolor>
                </control>
                <control type="button" id="5006">
                    <label>$ADDON[script.extendedinfo 32127]</label>
                    <width>400</width>
                    <height>90</height>
                    <textoffsetx>40</textoffsetx>
                    <textoffsety>25</textoffsety>
                    <textwidth>315</textwidth>
                    <align>left</align>
                    <aligny>top</aligny>
                    <texturefocus border="40" colordiffuse="$INFO[Skin.String(WindowColorThemed)]">buttons/roundedbutton-focus.png</texturefocus>
                    <texturenofocus border="40" colordiffuse="$INFO[Skin.String(WindowColorThemed)]">buttons/roundedbutton-nofocus.png</texturenofocus>
                    <font>font13</font>
                    <textcolor>FF999999</textcolor>
                    <focusedcolor>FFFAFAFA</focusedcolor>
                </control>
                <control type="button" id="5008">
                    <label>$ADDON[script.extendedinfo 32126]</label>
                    <width>400</width>
                    <height>90</height>
                    <textoffsetx>40</textoffsetx>
                    <textoffsety>25</textoffsety>
                    <textwidth>315</textwidth>
                    <align>left</align>
                    <aligny>top</aligny>
                    <texturefocus border="40" colordiffuse="$INFO[Skin.String(WindowColorThemed)]">buttons/roundedbutton-focus.png</texturefocus>
                    <texturenofocus border="40" colordiffuse="$INFO[Skin.String(WindowColorThemed)]">buttons/roundedbutton-nofocus.png</texturenofocus>
                    <font>font13</font>
                    <textcolor>FF999999</textcolor>
                    <focusedcolor>FFFAFAFA</focusedcolor>
                </control>
                <control type="button" id="5009">
                    <label>$ADDON[script.extendedinfo 32114]</label>
                    <width>400</width>
                    <height>90</height>
                    <textoffsetx>40</textoffsetx>
                    <textoffsety>25</textoffsety>
                    <textwidth>315</textwidth>
                    <align>left</align>
                    <aligny>top</aligny>
                    <texturefocus border="40" colordiffuse="$INFO[Skin.String(WindowColorThemed)]">buttons/roundedbutton-focus.png</texturefocus>
                    <texturenofocus border="40" colordiffuse="$INFO[Skin.String(WindowColorThemed)]">buttons/roundedbutton-nofocus.png</texturenofocus>
                    <font>font13</font>
                    <textcolor>FF999999</textcolor>
                    <focusedcolor>FFFAFAFA</focusedcolor>
                </control>
                <control type="button" id="5010">
                    <label>$LOCALIZE[572]</label>
                    <width>400</width>
                    <height>90</height>
                    <textoffsetx>40</textoffsetx>
                    <textoffsety>25</textoffsety>
                    <textwidth>315</textwidth>
                    <align>left</align>
                    <aligny>top</aligny>
                    <texturefocus border="40" colordiffuse="$INFO[Skin.String(WindowColorThemed)]">buttons/roundedbutton-focus.png</texturefocus>
                    <texturenofocus border="40" colordiffuse="$INFO[Skin.String(WindowColorThemed)]">buttons/roundedbutton-nofocus.png</texturenofocus>
                    <font>font13</font>
                    <textcolor>FF999999</textcolor>
                    <focusedcolor>FFFAFAFA</focusedcolor>
                </control>
                <control type="button" id="5012">
                    <label>$ADDON[script.extendedinfo 32111]</label>
                    <width>400</width>
                    <height>90</height>
                    <textoffsetx>40</textoffsetx>
                    <textoffsety>25</textoffsety>
                    <textwidth>315</textwidth>
                    <align>left</align>
                    <aligny>top</aligny>
                    <texturefocus border="40" colordiffuse="$INFO[Skin.String(WindowColorThemed)]">buttons/roundedbutton-focus.png</texturefocus>
                    <texturenofocus border="40" colordiffuse="$INFO[Skin.String(WindowColorThemed)]">buttons/roundedbutton-nofocus.png</texturenofocus>
                    <font>font13</font>
                    <textcolor>FF999999</textcolor>
                    <focusedcolor>FFFAFAFA</focusedcolor>
                </control>
                <control type="button" id="5005">
                    <visible>!IsEmpty(Window.Property(Filter_Label))</visible>
                    <label>$LOCALIZE[21435] $ADDON[script.extendedinfo 32023]</label>
                    <width>400</width>
                    <height>90</height>
                    <textoffsetx>40</textoffsetx>
                    <textoffsety>25</textoffsety>
                    <textwidth>315</textwidth>
                    <align>left</align>
                    <aligny>top</aligny>
                    <texturefocus border="40" colordiffuse="$INFO[Skin.String(WindowColorThemed)]">buttons/roundedbutton-focus.png</texturefocus>
                    <texturenofocus border="40" colordiffuse="$INFO[Skin.String(WindowColorThemed)]">buttons/roundedbutton-nofocus.png</texturenofocus>
                    <font>font13</font>
                    <textcolor>FF999999</textcolor>
                    <focusedcolor>FFFAFAFA</focusedcolor>
                    <ondown>6000</ondown>
                </control>
            </control>
        </control>
    </controls>
</window>
