
<dir>
    <title>[COLOR gold]2019 Movies[/COLOR]</title>
    <link>http://hotapk.biz/Blamo/csb/2019.xml</link>
</dir>

<dir>
    <title>[COLOR gold]Movies Night[/COLOR]</title>
    <link>http://hotapk.biz/Blamo/csb/movienight/movienight.xml</link>
</dir>

<dir>
    <title>[COLOR gold]Disney[/COLOR]</title>
    <link>http://hotapk.biz/Blamo/csb/disney.xml</link>
</dir>

<dir>
    <title>[COLOR gold]24/7[/COLOR]</title>
    <link>http://hotapk.biz/Blamo/csb/arconai.xml</link>
</dir>

<dir>
    <title>[COLOR gold]Tools[/COLOR]</title>
    <link>http://hotapk.biz/Blamo/msettings.xml</link>
    <thumbnail>http://hotapk.biz/Blamo/icons/settings.png</thumbnail>
</dir>

<dir>
    <title>[COLOR gold]I Want To Believe[/COLOR] [COLOR red](Coming Back Soon)[/COLOR]</title>
    <link>http://hotapk.biz/Blamo/csb/</link>
</dir>
