<?xml version="1.0" encoding="UTF-8"?>
<includes>
	<include name="View_52_IconWall">
		<control type="group">
			<visible>Control.IsVisible(52)</visible>
			<include>OpenClose_Right</include>
			<include>Visible_Right</include>
			<control type="panel" id="52">
				<centerleft>51%</centerleft>
				<top>0</top>
				<width>92%</width>
				<height>100%</height>
				<onleft>9000</onleft>
				<onright>531</onright>
				<pagecontrol>531</pagecontrol>
				<preloaditems>2</preloaditems>
				<onup>52</onup>
				<ondown>52</ondown>
				<scrolltime tween="cubic" easing="out">500</scrolltime>
				<visible>Container.Content() | Container.Content(tags) | Container.Content(years) | Container.Content(roles) | Container.Content(genres) | Container.Content(countries) | Container.Content(studios) | Container.Content(playlists) | Container.Content(unknown)</visible>
				<viewtype label="31099">icon</viewtype>
				<itemlayout height="280" width="440" condition="Container.Content() | Container.Content(unknown) | Container.Content(tags) | Container.Content(files) | Container.Content(playlists) | [Container.Content(studios) + System.HasAddon(resource.images.studios.white)]">
					<control type="group">
						<top>150</top>
						<control type="image">
							<width>396</width>
							<height>245</height>
							<texture border="21">dialogs/dialog-bg-nobo.png</texture>
							<bordertexture border="20">overlays/shadow.png</bordertexture>
							<bordersize>20</bordersize>
						</control>
						<control type="image">
							<width>396</width>
							<height>245</height>
							<texture fallback="DefaultStudios.png">$VAR[IconWallThumbVar]</texture>
							<aspectratio>scale</aspectratio>
							<align>center</align>
							<aligny>top</aligny>
						</control>
						<control type="image">
							<left>20</left>
							<top>150</top>
							<width>356</width>
							<height>75</height>
							<texture colordiffuse="border_alpha">colors/black.png</texture>
						</control>
						<control type="image">
							<left>329</left>
							<top>24</top>
							<width>50</width>
							<height>50</height>
							<aspectratio>keep</aspectratio>
							<texture>$INFO[ListItem.Overlay]</texture>
							<visible>!String.EndsWith(ListItem.Overlay,watched.png)</visible>
						</control>
						<control type="textbox">
							<left>25</left>
							<top>148</top>
							<width>350</width>
							<height>74</height>
							<font>font12</font>
							<label>$INFO[ListItem.Label]</label>
							<align>center</align>
							<aligny>center</aligny>
						</control>
					</control>
				</itemlayout>
				<focusedlayout height="280" width="440" condition="Container.Content() | Container.Content(unknown) | Container.Content(tags) | Container.Content(files) | Container.Content(playlists) | [Container.Content(studios) + System.HasAddon(resource.images.studios.white)]">
					<control type="group">
						<depth>DepthContentPopout</depth>
						<animation type="Focus" reversible="false">
							<effect type="zoom" center="auto" start="100" end="108" time="250" tween="sine" />
						</animation>
						<animation type="UnFocus" reversible="false">
							<effect type="zoom" center="auto" start="108" end="100" time="150" tween="sine" />
						</animation>
						<top>150</top>
						<control type="image">
							<width>396</width>
							<height>245</height>
							<texture border="21">dialogs/dialog-bg-nobo.png</texture>
							<bordertexture border="20">overlays/shadow.png</bordertexture>
							<bordersize>20</bordersize>
						</control>
						<control type="image">
							<width>396</width>
							<height>245</height>
							<texture colordiffuse="button_focus">colors/grey.png</texture>
							<bordersize>20</bordersize>
							<include>Animation_FocusTextureFade</include>
						</control>
						<control type="image">

							<width>396</width>
							<height>245</height>
							<texture fallback="DefaultStudios.png">$VAR[IconWallThumbVar]</texture>
							<aspectratio>scale</aspectratio>
							<align>center</align>
							<aligny>top</aligny>
						</control>
						<control type="image">
							<left>329</left>
							<top>24</top>
							<width>50</width>
							<height>50</height>
							<aspectratio>keep</aspectratio>
							<texture>$INFO[ListItem.Overlay]</texture>
							<visible>!String.EndsWith(ListItem.Overlay,watched.png)</visible>
						</control>
						<control type="image">
							<left>20</left>
							<top>150</top>
							<width>356</width>
							<height>75</height>
							<texture colordiffuse="border_alpha">colors/black.png</texture>
						</control>
						<control type="textbox">
							<left>25</left>
							<top>148</top>
							<width>350</width>
							<height>74</height>
							<font>font12</font>
							<label>$INFO[ListItem.Label]</label>
							<align>center</align>
							<aligny>center</aligny>
						</control>
					</control>
				</focusedlayout>
				<itemlayout height="181" width="348" condition="Container.Content(genres) | Container.Content(years) | Container.Content(roles) | Container.Content(countries) | [Container.Content(studios) + !System.HasAddon(resource.images.studios.white)]">
					<control type="group">
						<top>120</top>
						<control type="image">
							<width>330</width>
							<height>140</height>
							<texture border="21">dialogs/dialog-bg-nobo.png</texture>
							<bordertexture border="20">overlays/shadow.png</bordertexture>
							<bordersize>20</bordersize>
						</control>
						<control type="textbox">
							<left>30</left>
							<top>0</top>
							<width>270</width>
							<height>140</height>
							<label>$INFO[ListItem.Label]</label>
							<align>center</align>
							<aligny>center</aligny>
						</control>
					</control>
				</itemlayout>
				<focusedlayout height="181" width="348" condition="Container.Content(genres) | Container.Content(years) | Container.Content(roles) | Container.Content(countries) | [Container.Content(studios) + !System.HasAddon(resource.images.studios.white)]">
					<control type="group">
						<depth>DepthContentPopout</depth>
						<top>120</top>
						<animation type="Focus" reversible="false">
							<effect type="zoom" center="auto" start="100" end="108" time="250" tween="sine" />
						</animation>
						<animation type="UnFocus" reversible="false">
							<effect type="zoom" center="auto" start="108" end="100" time="150" tween="sine" />
						</animation>
						<control type="image">
							<width>330</width>
							<height>140</height>
							<texture border="21">dialogs/dialog-bg-nobo.png</texture>
							<bordertexture border="20">overlays/shadow.png</bordertexture>
							<bordersize>20</bordersize>
						</control>
						<control type="image">
							<width>330</width>
							<height>140</height>
							<texture colordiffuse="button_focus">colors/grey.png</texture>
							<bordersize>20</bordersize>
							<include>Animation_FocusTextureFade</include>
						</control>
						<control type="textbox">
							<left>30</left>
							<top>0</top>
							<width>270</width>
							<height>140</height>
							<label>$INFO[ListItem.Label]</label>
							<align>center</align>
							<aligny>center</aligny>
						</control>
					</control>
				</focusedlayout>
			</control>
		</control>
	</include>
</includes>
